{
  "NLL": {
    "overall": {
      "roc_auc": 0.747729136533444,
      "pr_auc": 0.37386544054949866
    },
    "per_type": {
      "spike": {
        "roc_auc": 0.9487090489079709,
        "pr_auc": 0.5039480872257722
      },
      "drop": {
        "roc_auc": 0.9396013523323585,
        "pr_auc": 0.4599225405155098
      },
      "persistent_offset": {
        "roc_auc": 0.9602927293434257,
        "pr_auc": 0.7133809742172753
      },
      "noise_burst": {
        "roc_auc": 0.8173172882624554,
        "pr_auc": 0.45699538988427346
      },
      "sensor_freeze": {
        "roc_auc": 0.43980180297499805,
        "pr_auc": 0.03466875669541356
      }
    },
    "event": {
      "event_recall": 0.6797020484171322,
      "mean_detection_delay": 0.5,
      "median_detection_delay": 0.0,
      "event_precision": 0.17479674796747968,
      "n_true_events": 1074,
      "n_detected_events": 730,
      "n_alarm_events": 6396
    }
  },
  "D+Conformity": {
    "overall": {
      "roc_auc": 0.7662300995787407,
      "pr_auc": 0.38608173664116624
    },
    "per_type": {
      "spike": {
        "roc_auc": 0.9467016805633335,
        "pr_auc": 0.5132389206385282
      },
      "drop": {
        "roc_auc": 0.9393278265198184,
        "pr_auc": 0.4653832394281119
      },
      "persistent_offset": {
        "roc_auc": 0.9579244533015066,
        "pr_auc": 0.7156081926219313
      },
      "noise_burst": {
        "roc_auc": 0.8124085463654932,
        "pr_auc": 0.4616621410603804
      },
      "sensor_freeze": {
        "roc_auc": 0.5033690308017156,
        "pr_auc": 0.04351106325379234
      }
    },
    "event": {
      "event_recall": 0.7160148975791434,
      "mean_detection_delay": 0.7607282184655396,
      "median_detection_delay": 0.0,
      "event_precision": 0.17961089494163424,
      "n_true_events": 1074,
      "n_detected_events": 769,
      "n_alarm_events": 6425
    }
  },
  "D+Variance": {
    "overall": {
      "roc_auc": 0.7848546234126781,
      "pr_auc": 0.41071973963085073
    },
    "per_type": {
      "spike": {
        "roc_auc": 0.9465720474768217,
        "pr_auc": 0.5131521225852305
      },
      "drop": {
        "roc_auc": 0.9406504080849563,
        "pr_auc": 0.46599586629249506
      },
      "persistent_offset": {
        "roc_auc": 0.9564624996176798,
        "pr_auc": 0.7160701631308255
      },
      "noise_burst": {
        "roc_auc": 0.8114243611283328,
        "pr_auc": 0.46041997951268243
      },
      "sensor_freeze": {
        "roc_auc": 0.5634636141886847,
        "pr_auc": 0.12515334361304375
      }
    },
    "event": {
      "event_recall": 0.7988826815642458,
      "mean_detection_delay": 1.613053613053613,
      "median_detection_delay": 0.0,
      "event_precision": 0.19106434888685575,
      "n_true_events": 1074,
      "n_detected_events": 858,
      "n_alarm_events": 6558
    }
  },
  "D+FDE": {
    "overall": {
      "roc_auc": 0.8239981200429923,
      "pr_auc": 0.40530990845081294
    },
    "per_type": {
      "spike": {
        "roc_auc": 0.9408187690560638,
        "pr_auc": 0.36914086796878204
      },
      "drop": {
        "roc_auc": 0.9377667200754983,
        "pr_auc": 0.3399510497031969
      },
      "persistent_offset": {
        "roc_auc": 0.9555825053151532,
        "pr_auc": 0.6396633103627186
      },
      "noise_burst": {
        "roc_auc": 0.815204959999174,
        "pr_auc": 0.4014499147077285
      },
      "sensor_freeze": {
        "roc_auc": 0.6851343016706686,
        "pr_auc": 0.290277496123957
      }
    },
    "event": {
      "event_recall": 0.8081936685288641,
      "mean_detection_delay": 1.185483870967742,
      "median_detection_delay": 0.0,
      "event_precision": 0.19023136246786632,
      "n_true_events": 1074,
      "n_detected_events": 868,
      "n_alarm_events": 6613
    }
  },
  "D+FDE+Run (URD)": {
    "overall": {
      "roc_auc": 0.8395228875103793,
      "pr_auc": 0.4295497346856586
    },
    "per_type": {
      "spike": {
        "roc_auc": 0.9397920750108891,
        "pr_auc": 0.33391970404894133
      },
      "drop": {
        "roc_auc": 0.9356063846887769,
        "pr_auc": 0.31198292932620125
      },
      "persistent_offset": {
        "roc_auc": 0.9555540179482622,
        "pr_auc": 0.6335003018923708
      },
      "noise_burst": {
        "roc_auc": 0.8126466479078578,
        "pr_auc": 0.39665203274276006
      },
      "sensor_freeze": {
        "roc_auc": 0.736675075768791,
        "pr_auc": 0.3530830626071874
      }
    },
    "event": {
      "event_recall": 0.8268156424581006,
      "mean_detection_delay": 1.2297297297297298,
      "median_detection_delay": 0.0,
      "event_precision": 0.19264949540593462,
      "n_true_events": 1074,
      "n_detected_events": 888,
      "n_alarm_events": 6639
    }
  },
  "IForest": {
    "overall": {
      "roc_auc": 0.686614971895223,
      "pr_auc": 0.05854120953197809
    },
    "per_type": {
      "spike": {
        "roc_auc": 0.8229944465185739,
        "pr_auc": 0.014896778083704963
      },
      "drop": {
        "roc_auc": 0.8027904818202559,
        "pr_auc": 0.013490269872782958
      },
      "persistent_offset": {
        "roc_auc": 0.8471927315249406,
        "pr_auc": 0.12076681222930566
      },
      "noise_burst": {
        "roc_auc": 0.7465264035759527,
        "pr_auc": 0.0890573720276992
      },
      "sensor_freeze": {
        "roc_auc": 0.44840121314439974,
        "pr_auc": 0.03526024648510074
      }
    },
    "event": {
      "event_recall": 0.17318435754189945,
      "mean_detection_delay": 4.005376344086022,
      "median_detection_delay": 4.0,
      "event_precision": 0.04620187304890739,
      "n_true_events": 1074,
      "n_detected_events": 186,
      "n_alarm_events": 4805
    }
  }
}