{
  "five_class": {
    "accuracy": 0.9,
    "report": {
      "drift": {
        "precision": 0.9108527131782945,
        "recall": 0.9791666666666666,
        "f1-score": 0.9437751004016064,
        "support": 240.0
      },
      "noise_anomaly": {
        "precision": 0.8333333333333334,
        "recall": 0.75,
        "f1-score": 0.7894736842105263,
        "support": 60.0
      },
      "persistent_shift": {
        "precision": 0.85,
        "recall": 0.85,
        "f1-score": 0.85,
        "support": 60.0
      },
      "point_anomaly": {
        "precision": 0.8867924528301887,
        "recall": 0.7833333333333333,
        "f1-score": 0.831858407079646,
        "support": 60.0
      },
      "sensor_malfunction": {
        "precision": 0.9818181818181818,
        "recall": 0.9,
        "f1-score": 0.9391304347826087,
        "support": 60.0
      },
      "accuracy": 0.9,
      "macro avg": {
        "precision": 0.8925593362319997,
        "recall": 0.8525,
        "f1-score": 0.8708475252948775,
        "support": 480.0
      },
      "weighted avg": {
        "precision": 0.8994193525868603,
        "recall": 0.9,
        "f1-score": 0.8981953659599007,
        "support": 480.0
      }
    },
    "profiles": {
      "drift": {
        "D": 8.630461181384044,
        "U": 1.0327662593131022,
        "S": -0.12583316973227696
      },
      "noise_anomaly": {
        "D": 41.50672667482024,
        "U": 0.9877289374183905,
        "S": -0.05090044197124148
      },
      "persistent_shift": {
        "D": 23.97437881469776,
        "U": 0.9952668260497278,
        "S": -0.11334215562977826
      },
      "point_anomaly": {
        "D": 20.061654356116485,
        "U": 0.9876736476126382,
        "S": 0.13825198876655076
      },
      "sensor_malfunction": {
        "D": 0.7771287233466725,
        "U": 0.9892195726537475,
        "S": 6.9842929117981685
      }
    }
  },
  "nine_class": {
    "accuracy": 0.63125,
    "report": {
      "accelerating": {
        "precision": 0.3333333333333333,
        "recall": 0.2833333333333333,
        "f1-score": 0.3063063063063063,
        "support": 60.0
      },
      "drop": {
        "precision": 0.8620689655172413,
        "recall": 0.8333333333333334,
        "f1-score": 0.847457627118644,
        "support": 30.0
      },
      "gradual_shift": {
        "precision": 0.2926829268292683,
        "recall": 0.2,
        "f1-score": 0.2376237623762376,
        "support": 60.0
      },
      "multi_sensor": {
        "precision": 0.5584415584415584,
        "recall": 0.7166666666666667,
        "f1-score": 0.6277372262773723,
        "support": 60.0
      },
      "noise_burst": {
        "precision": 0.8392857142857143,
        "recall": 0.7833333333333333,
        "f1-score": 0.8103448275862069,
        "support": 60.0
      },
      "persistent_offset": {
        "precision": 0.7532467532467533,
        "recall": 0.9666666666666667,
        "f1-score": 0.8467153284671532,
        "support": 60.0
      },
      "sensor_freeze": {
        "precision": 0.9344262295081968,
        "recall": 0.95,
        "f1-score": 0.9421487603305785,
        "support": 60.0
      },
      "sigmoid_plateau": {
        "precision": 0.3275862068965517,
        "recall": 0.31666666666666665,
        "f1-score": 0.3220338983050847,
        "support": 60.0
      },
      "spike": {
        "precision": 0.8333333333333334,
        "recall": 0.8333333333333334,
        "f1-score": 0.8333333333333334,
        "support": 30.0
      },
      "accuracy": 0.63125,
      "macro avg": {
        "precision": 0.6371561134879946,
        "recall": 0.6537037037037037,
        "f1-score": 0.6415223411223241,
        "support": 480.0
      },
      "weighted avg": {
        "precision": 0.6108379839958329,
        "recall": 0.63125,
        "f1-score": 0.616663198734366,
        "support": 480.0
      }
    },
    "profiles": {
      "accelerating": {
        "D": 6.51696455001167,
        "U": 1.0137865181392742,
        "S": -0.15221145676371592
      },
      "drop": {
        "D": 17.997688747204485,
        "U": 0.9876736476126378,
        "S": 0.07698829430571198
      },
      "gradual_shift": {
        "D": 7.070967450000478,
        "U": 1.0201039844609328,
        "S": 0.13845013742711204
      },
      "multi_sensor": {
        "D": 12.667288986787065,
        "U": 1.076027822576086,
        "S": -0.2177091487958117
      },
      "noise_burst": {
        "D": 41.50672667482024,
        "U": 0.9877289374183905,
        "S": -0.05090044197124148
      },
      "persistent_offset": {
        "D": 23.97437881469776,
        "U": 0.9952668260497278,
        "S": -0.11334215562977826
      },
      "sensor_freeze": {
        "D": 0.7771287233466725,
        "U": 0.9892195726537475,
        "S": 6.9842929117981685
      },
      "sigmoid_plateau": {
        "D": 8.266623738736962,
        "U": 1.0211467120761155,
        "S": -0.27186221079669226
      },
      "spike": {
        "D": 22.12561996502848,
        "U": 0.9876736476126378,
        "S": 0.19951568322738952
      }
    }
  },
  "spike_vs_drop": {
    "accuracy_with_signed": 0.95,
    "accuracy_without_signed": 0.5666666666666667
  },
  "ablation": {
    "16feat": 0.9,
    "9feat": 0.875
  }
}