{
  "nll_only": {
    "overall": {
      "roc_auc": 0.747729136533444,
      "pr_auc": 0.37386544054949866
    },
    "per_type": {
      "spike": {
        "roc_auc": 0.9487090489079709,
        "pr_auc": 0.5039480872257722
      },
      "drop": {
        "roc_auc": 0.9396013523323585,
        "pr_auc": 0.4599225405155098
      },
      "persistent_offset": {
        "roc_auc": 0.9602927293434257,
        "pr_auc": 0.7133809742172753
      },
      "noise_burst": {
        "roc_auc": 0.8173172882624554,
        "pr_auc": 0.45699538988427346
      },
      "sensor_freeze": {
        "roc_auc": 0.43980180297499805,
        "pr_auc": 0.03466875669541356
      }
    }
  },
  "urd_stationarity": {
    "overall": {
      "roc_auc": 0.8395228875103793,
      "pr_auc": 0.4295497346856586
    },
    "per_type": {
      "spike": {
        "roc_auc": 0.9397920750108891,
        "pr_auc": 0.33391970404894133
      },
      "drop": {
        "roc_auc": 0.9356063846887769,
        "pr_auc": 0.31198292932620125
      },
      "persistent_offset": {
        "roc_auc": 0.9555540179482622,
        "pr_auc": 0.6335003018923708
      },
      "noise_burst": {
        "roc_auc": 0.8126466479078578,
        "pr_auc": 0.39665203274276006
      },
      "sensor_freeze": {
        "roc_auc": 0.736675075768791,
        "pr_auc": 0.3530830626071874
      }
    }
  }
}