{
  "eval_results": {
    "gaussian_lstm": {
      "mse": 0.4707980751991272,
      "mae": 0.5183826684951782,
      "per_sensor_mae": [
        0.6430564522743225,
        0.4711975157260895,
        0.4339751601219177,
        0.5743089318275452,
        0.5099918842315674,
        0.4659956693649292,
        0.530151903629303
      ],
      "mean_sigma": 0.5100041627883911
    },
    "gaussian_gru": {
      "mse": 0.3609377145767212,
      "mae": 0.4656059145927429,
      "per_sensor_mae": [
        0.6027066707611084,
        0.41387438774108887,
        0.36923250555992126,
        0.55282062292099,
        0.4375964105129242,
        0.3860176205635071,
        0.4969937205314636
      ],
      "mean_sigma": 0.5115928649902344
    },
    "deterministic_lstm": {
      "mse": 0.4434237480163574,
      "mae": 0.5060551762580872,
      "per_sensor_mae": [
        0.6146084070205688,
        0.4441232979297638,
        0.41749075055122375,
        0.5706251859664917,
        0.5132623314857483,
        0.4613689184188843,
        0.5209059715270996
      ],
      "mean_sigma": 1.0
    },
    "deterministic_gru": {
      "mse": 0.3670569658279419,
      "mae": 0.46897438168525696,
      "per_sensor_mae": [
        0.5966434478759766,
        0.41695740818977356,
        0.3791201412677765,
        0.5620520114898682,
        0.4420725107192993,
        0.37922632694244385,
        0.5067485570907593
      ],
      "mean_sigma": 1.0
    },
    "tranad": {
      "mse": 0.4739464521408081,
      "mae": 0.5301967263221741,
      "per_sensor_mae": [
        0.6498351693153381,
        0.4643125534057617,
        0.4410841166973114,
        0.6527283787727356,
        0.5153378844261169,
        0.4632542133331299,
        0.5248264670372009
      ],
      "mean_sigma": 1.0
    },
    "naive": {
      "mse": 0.5406550168991089,
      "mae": 0.569848895072937
    },
    "ridge": {
      "mse": 0.35039278864860535,
      "mae": 0.46057456731796265
    }
  },
  "thresholds": {
    "95.0": 1.9007007767493969,
    "97.5": 2.4609780252507805,
    "99.0": 3.339248023746397
  },
  "degradation_report": {
    "score_correlation": {
      "mean_spearman": 0.6485509742038972,
      "median_spearman": 0.6661891241495127,
      "std_spearman": 0.10992597463684223,
      "pct_positive": 1.0
    },
    "bucketed_analysis": {
      "bucket_stats": {
        "early": {
          "mean": -0.04618644859789671,
          "median": -0.08033013740233083,
          "std": 0.4101240922097801,
          "n": 462,
          "q25": -0.286543982159371,
          "q75": 0.172239267905952
        },
        "middle": {
          "mean": 0.07885918910510457,
          "median": 0.0510657507994981,
          "std": 0.3282500936088481,
          "n": 1222,
          "q25": -0.1568963321239876,
          "q75": 0.2768239601306282
        },
        "late": {
          "mean": 1.3391806415735548,
          "median": 0.8596250172615616,
          "std": 1.3973712231832516,
          "n": 913,
          "q25": 0.40320935925302925,
          "q75": 1.8366219464165376
        }
      },
      "kruskal_wallis": {
        "statistic": 1005.2154151436735,
        "p_value": 5.2510486203029634e-219
      }
    }
  }
}