{
  "nll_only": {
    "overall": {
      "roc_auc": 0.721148396108236,
      "pr_auc": 0.1854696974172584
    },
    "per_type": {
      "spike": {
        "roc_auc": 0.9105045578993218,
        "pr_auc": 0.2287955755937152
      },
      "drop": {
        "roc_auc": 0.9003335459315951,
        "pr_auc": 0.1716492774088756
      },
      "persistent_offset": {
        "roc_auc": 0.9194063525828999,
        "pr_auc": 0.40020416965083977
      },
      "noise_burst": {
        "roc_auc": 0.7831877907541841,
        "pr_auc": 0.23754641969702156
      },
      "sensor_freeze": {
        "roc_auc": 0.43612415718165576,
        "pr_auc": 0.03439287576215857
      }
    }
  },
  "urd_stationarity": {
    "overall": {
      "roc_auc": 0.8067372715125237,
      "pr_auc": 0.2352681655023041
    },
    "per_type": {
      "spike": {
        "roc_auc": 0.9021346356273204,
        "pr_auc": 0.22597474877082993
      },
      "drop": {
        "roc_auc": 0.8977459074834588,
        "pr_auc": 0.1704487293038532
      },
      "persistent_offset": {
        "roc_auc": 0.9149269361764748,
        "pr_auc": 0.39057740272490704
      },
      "noise_burst": {
        "roc_auc": 0.779186736743813,
        "pr_auc": 0.23445291400563756
      },
      "sensor_freeze": {
        "roc_auc": 0.7125776387603155,
        "pr_auc": 0.1682941199203251
      }
    }
  }
}