{
  "logistic_regression_URD_16feat": {
    "classification_report": {
      "anomaly": {
        "precision": 0.9034965034965035,
        "recall": 0.9022346368715084,
        "f1-score": 0.9028651292802237,
        "support": 716.0
      },
      "drift": {
        "precision": 0.9029126213592233,
        "recall": 0.9041666666666667,
        "f1-score": 0.9035392088827203,
        "support": 720.0
      },
      "accuracy": 0.9032033426183844,
      "macro avg": {
        "precision": 0.9032045624278634,
        "recall": 0.9032006517690876,
        "f1-score": 0.903202169081472,
        "support": 1436.0
      },
      "weighted avg": {
        "precision": 0.9032037492215441,
        "recall": 0.9032033426183844,
        "f1-score": 0.9032031079110019,
        "support": 1436.0
      }
    },
    "accuracy": 0.9032033426183844,
    "drift_as_anomaly_rate": 0.09583333333333334,
    "anomaly_as_drift_rate": 0.09776536312849161,
    "feature_importance": {
      "max_score": 3.005016399523718,
      "mean_score": 0.5903325980941669,
      "score_slope": 0.3562939868804641,
      "score_curvature": 1.3997843646506591,
      "score_volatility": 1.4302176882368218,
      "duration": 3.8511705049591822,
      "sensor_concentration": 0.7313179837384927,
      "num_sensors_flagged": 0.25660283696499014,
      "max_single_sensor": 1.3215734698208124,
      "deviation_at_peak": 0.2511041646280557,
      "uncertainty_at_peak": 1.4972937322786832,
      "stationarity_at_peak": 0.42996165713691875,
      "uncertainty_slope": 0.1630053446888586,
      "stationarity_max": 1.1690565314904589,
      "du_ratio": 0.01068597742637268,
      "signed_deviation_mean": 1.0263107328411656
    }
  },
  "logistic_regression_Original_12feat": {
    "classification_report": {
      "anomaly": {
        "precision": 0.7929226736566186,
        "recall": 0.8449720670391061,
        "f1-score": 0.8181203515889114,
        "support": 716.0
      },
      "drift": {
        "precision": 0.8350668647845468,
        "recall": 0.7805555555555556,
        "f1-score": 0.8068916008614501,
        "support": 720.0
      },
      "accuracy": 0.8126740947075209,
      "macro avg": {
        "precision": 0.8139947692205827,
        "recall": 0.8127638112973308,
        "f1-score": 0.8125059762251807,
        "support": 1436.0
      },
      "weighted avg": {
        "precision": 0.8140534658656077,
        "recall": 0.8126740947075209,
        "f1-score": 0.8124903372965909,
        "support": 1436.0
      }
    },
    "accuracy": 0.8126740947075209,
    "drift_as_anomaly_rate": 0.21944444444444444,
    "anomaly_as_drift_rate": 0.15502793296089384,
    "feature_importance": {
      "max_score": 1.9108085975739844,
      "mean_score": 1.0644588550405776,
      "score_slope": 0.32545624960896186,
      "score_curvature": 0.730872903572627,
      "score_volatility": 1.7342708557114286,
      "duration": 4.425274360512852,
      "sensor_concentration": 0.6512554843345556,
      "num_sensors_flagged": 0.6989175277616573,
      "max_single_sensor": 0.7899362638728328,
      "mean_uncertainty": 1.4244906486889508,
      "uncertainty_change": 0.014022105492103044,
      "residual_autocorrelation": 0.6363695471902777
    }
  },
  "logistic_regression_NoProbabilistic_9feat": {
    "classification_report": {
      "anomaly": {
        "precision": 0.8157142857142857,
        "recall": 0.797486033519553,
        "f1-score": 0.806497175141243,
        "support": 716.0
      },
      "drift": {
        "precision": 0.8029891304347826,
        "recall": 0.8208333333333333,
        "f1-score": 0.8118131868131868,
        "support": 720.0
      },
      "accuracy": 0.8091922005571031,
      "macro avg": {
        "precision": 0.8093517080745342,
        "recall": 0.8091596834264432,
        "f1-score": 0.8091551809772148,
        "support": 1436.0
      },
      "weighted avg": {
        "precision": 0.8093339850170418,
        "recall": 0.8091922005571031,
        "f1-score": 0.8091625848931926,
        "support": 1436.0
      }
    },
    "accuracy": 0.8091922005571031,
    "drift_as_anomaly_rate": 0.17916666666666667,
    "anomaly_as_drift_rate": 0.20251396648044692,
    "feature_importance": {
      "max_score": 3.337616750486698,
      "mean_score": 1.0161058174736535,
      "score_slope": 0.5943606186314655,
      "score_curvature": 1.6727499740989216,
      "score_volatility": 1.8102830827857626,
      "duration": 4.149284312153535,
      "sensor_concentration": 0.7137617034689192,
      "num_sensors_flagged": 0.7519185625314465,
      "max_single_sensor": 0.4452821617947067
    }
  },
  "random_forest_URD_16feat": {
    "classification_report": {
      "anomaly": {
        "precision": 0.9583931133428981,
        "recall": 0.9329608938547486,
        "f1-score": 0.9455060155697098,
        "support": 716.0
      },
      "drift": {
        "precision": 0.9350473612990527,
        "recall": 0.9597222222222223,
        "f1-score": 0.9472241261137766,
        "support": 720.0
      },
      "accuracy": 0.9463788300835655,
      "macro avg": {
        "precision": 0.9467202373209754,
        "recall": 0.9463415580384854,
        "f1-score": 0.9463650708417433,
        "support": 1436.0
      },
      "weighted avg": {
        "precision": 0.946687722345984,
        "recall": 0.9463788300835655,
        "f1-score": 0.9463674637533644,
        "support": 1436.0
      }
    },
    "accuracy": 0.9463788300835655,
    "drift_as_anomaly_rate": 0.04027777777777778,
    "anomaly_as_drift_rate": 0.0670391061452514,
    "feature_importance": {
      "max_score": 0.028232780942926538,
      "mean_score": 0.03292094641379931,
      "score_slope": 0.011985148625233187,
      "score_curvature": 0.017173802490227128,
      "score_volatility": 0.045095437337322714,
      "duration": 0.20225850941402987,
      "sensor_concentration": 0.12490527806332867,
      "num_sensors_flagged": 0.0220553421756245,
      "max_single_sensor": 0.08356636826442128,
      "deviation_at_peak": 0.06838379601626564,
      "uncertainty_at_peak": 0.1300021279417501,
      "stationarity_at_peak": 0.02062528336065846,
      "uncertainty_slope": 0.01571750132529222,
      "stationarity_max": 0.06866845973207035,
      "du_ratio": 0.08853886253915792,
      "signed_deviation_mean": 0.03987035535789223
    }
  },
  "random_forest_Original_12feat": {
    "classification_report": {
      "anomaly": {
        "precision": 0.9427312775330396,
        "recall": 0.8966480446927374,
        "f1-score": 0.9191123836793128,
        "support": 716.0
      },
      "drift": {
        "precision": 0.9019867549668874,
        "recall": 0.9458333333333333,
        "f1-score": 0.9233898305084746,
        "support": 720.0
      },
      "accuracy": 0.9213091922005571,
      "macro avg": {
        "precision": 0.9223590162499635,
        "recall": 0.9212406890130354,
        "f1-score": 0.9212511070938937,
        "support": 1436.0
      },
      "weighted avg": {
        "precision": 0.9223022690040497,
        "recall": 0.9213091922005571,
        "f1-score": 0.921257064540731,
        "support": 1436.0
      }
    },
    "accuracy": 0.9213091922005571,
    "drift_as_anomaly_rate": 0.05416666666666667,
    "anomaly_as_drift_rate": 0.10335195530726257,
    "feature_importance": {
      "max_score": 0.0627401079369595,
      "mean_score": 0.05397157160652972,
      "score_slope": 0.030106420229071628,
      "score_curvature": 0.041308622135281234,
      "score_volatility": 0.09527461689316656,
      "duration": 0.2412403605553082,
      "sensor_concentration": 0.12884499782673378,
      "num_sensors_flagged": 0.026331123151114296,
      "max_single_sensor": 0.09417590826707105,
      "mean_uncertainty": 0.18185248914097446,
      "uncertainty_change": 0.025850160986740423,
      "residual_autocorrelation": 0.018303621271049075
    }
  },