{
  "logistic_regression_URD_16feat": {
    "classification_report": {
      "anomaly": {
        "precision": 0.9087136929460581,
        "recall": 0.9175977653631285,
        "f1-score": 0.9131341209173037,
        "support": 716.0
      },
      "drift": {
        "precision": 0.9172510518934082,
        "recall": 0.9083333333333333,
        "f1-score": 0.9127704117236567,
        "support": 720.0
      },
      "accuracy": 0.9129526462395543,
      "macro avg": {
        "precision": 0.9129823724197331,
        "recall": 0.9129655493482309,
        "f1-score": 0.9129522663204802,
        "support": 1436.0
      },
      "weighted avg": {
        "precision": 0.9129942628918046,
        "recall": 0.9129526462395543,
        "f1-score": 0.9129517597617147,
        "support": 1436.0
      }
    },
    "accuracy": 0.9129526462395543,
    "drift_as_anomaly_rate": 0.09166666666666666,
    "anomaly_as_drift_rate": 0.0824022346368715,
    "feature_importance": {
      "max_score": 2.8529473499553863,
      "mean_score": 0.5971065159001175,
      "score_slope": 0.3827807014402018,
      "score_curvature": 1.3139063142088383,
      "score_volatility": 1.4301506499016021,
      "duration": 3.8687292159941347,
      "sensor_concentration": 0.7274969543444716,
      "num_sensors_flagged": 0.2028035216279192,
      "max_single_sensor": 1.45031759047432,
      "deviation_at_peak": 0.3066155124583358,
      "uncertainty_at_peak": 1.5612454015025305,
      "stationarity_at_peak": 0.7385305928342676,
      "uncertainty_slope": 0.16136222613132833,
      "stationarity_max": 1.2277611090435996,
      "du_ratio": 0.04074737564760698,
      "signed_deviation_mean": 1.0307117312992526
    }
  },
  "logistic_regression_Original_12feat": {
    "classification_report": {
      "anomaly": {
        "precision": 0.7929226736566186,
        "recall": 0.8449720670391061,
        "f1-score": 0.8181203515889114,
        "support": 716.0
      },
      "drift": {
        "precision": 0.8350668647845468,
        "recall": 0.7805555555555556,
        "f1-score": 0.8068916008614501,
        "support": 720.0
      },
      "accuracy": 0.8126740947075209,
      "macro avg": {
        "precision": 0.8139947692205827,
        "recall": 0.8127638112973308,
        "f1-score": 0.8125059762251807,
        "support": 1436.0
      },
      "weighted avg": {
        "precision": 0.8140534658656077,
        "recall": 0.8126740947075209,
        "f1-score": 0.8124903372965909,
        "support": 1436.0
      }
    },
    "accuracy": 0.8126740947075209,
    "drift_as_anomaly_rate": 0.21944444444444444,
    "anomaly_as_drift_rate": 0.15502793296089384,
    "feature_importance": {
      "max_score": 1.9108085975739844,
      "mean_score": 1.0644588550405776,
      "score_slope": 0.32545624960896186,
      "score_curvature": 0.730872903572627,
      "score_volatility": 1.7342708557114286,
      "duration": 4.425274360512852,
      "sensor_concentration": 0.6512554843345556,
      "num_sensors_flagged": 0.6989175277616573,
      "max_single_sensor": 0.7899362638728328,
      "mean_uncertainty": 1.4244906486889508,
      "uncertainty_change": 0.014022105492103044,
      "residual_autocorrelation": 0.6363695471902777
    }
  },
  "logistic_regression_NoProbabilistic_9feat": {
    "classification_report": {
      "anomaly": {
        "precision": 0.8157142857142857,
        "recall": 0.797486033519553,
        "f1-score": 0.806497175141243,
        "support": 716.0
      },
      "drift": {
        "precision": 0.8029891304347826,
        "recall": 0.8208333333333333,
        "f1-score": 0.8118131868131868,
        "support": 720.0
      },
      "accuracy": 0.8091922005571031,
      "macro avg": {
        "precision": 0.8093517080745342,
        "recall": 0.8091596834264432,
        "f1-score": 0.8091551809772148,
        "support": 1436.0
      },
      "weighted avg": {
        "precision": 0.8093339850170418,
        "recall": 0.8091922005571031,
        "f1-score": 0.8091625848931926,
        "support": 1436.0
      }
    },
    "accuracy": 0.8091922005571031,
    "drift_as_anomaly_rate": 0.17916666666666667,
    "anomaly_as_drift_rate": 0.20251396648044692,
    "feature_importance": {
      "max_score": 3.337616750486698,
      "mean_score": 1.0161058174736535,
      "score_slope": 0.5943606186314655,
      "score_curvature": 1.6727499740989216,
      "score_volatility": 1.8102830827857626,
      "duration": 4.149284312153535,
      "sensor_concentration": 0.7137617034689192,
      "num_sensors_flagged": 0.7519185625314465,
      "max_single_sensor": 0.4452821617947067
    }
  },
  "random_forest_URD_16feat": {
    "classification_report": {
      "anomaly": {
        "precision": 0.9696969696969697,
        "recall": 0.9385474860335196,
        "f1-score": 0.9538679914833215,
        "support": 716.0
      },
      "drift": {
        "precision": 0.9407806191117093,
        "recall": 0.9708333333333333,
        "f1-score": 0.9555707450444293,
        "support": 720.0
      },
      "accuracy": 0.9547353760445683,
      "macro avg": {
        "precision": 0.9552387944043395,
        "recall": 0.9546904096834264,
        "f1-score": 0.9547193682638754,
        "support": 1436.0
      },
      "weighted avg": {
        "precision": 0.9551985209355579,
        "recall": 0.9547353760445683,
        "f1-score": 0.954721739786941,
        "support": 1436.0
      }
    },
    "accuracy": 0.9547353760445683,
    "drift_as_anomaly_rate": 0.029166666666666667,
    "anomaly_as_drift_rate": 0.061452513966480445,
    "feature_importance": {
      "max_score": 0.029057568836570576,
      "mean_score": 0.026460485738341546,
      "score_slope": 0.013567548020629169,
      "score_curvature": 0.02148393881086812,
      "score_volatility": 0.04824247206289789,
      "duration": 0.2049970802254166,
      "sensor_concentration": 0.12371186080193404,
      "num_sensors_flagged": 0.019949103235167267,
      "max_single_sensor": 0.08116433602248317,
      "deviation_at_peak": 0.06180312040796394,
      "uncertainty_at_peak": 0.12999059294603119,
      "stationarity_at_peak": 0.04168128570751647,
      "uncertainty_slope": 0.016247591673606145,
      "stationarity_max": 0.06068223561143238,
      "du_ratio": 0.08174984593673018,
      "signed_deviation_mean": 0.039210933962411376
    }
  },
  "random_forest_Original_12feat": {
    "classification_report": {
      "anomaly": {
        "precision": 0.9427312775330396,
        "recall": 0.8966480446927374,
        "f1-score": 0.9191123836793128,
        "support": 716.0
      },
      "drift": {
        "precision": 0.9019867549668874,
        "recall": 0.9458333333333333,
        "f1-score": 0.9233898305084746,
        "support": 720.0
      },
      "accuracy": 0.9213091922005571,
      "macro avg": {
        "precision": 0.9223590162499635,
        "recall": 0.9212406890130354,
        "f1-score": 0.9212511070938937,
        "support": 1436.0
      },
      "weighted avg": {
        "precision": 0.9223022690040497,
        "recall": 0.9213091922005571,
        "f1-score": 0.921257064540731,
        "support": 1436.0
      }
    },
    "accuracy": 0.9213091922005571,
    "drift_as_anomaly_rate": 0.05416666666666667,
    "anomaly_as_drift_rate": 0.10335195530726257,
    "feature_importance": {
      "max_score": 0.0627401079369595,
      "mean_score": 0.05397157160652972,
      "score_slope": 0.030106420229071628,
      "score_curvature": 0.041308622135281234,
      "score_volatility": 0.09527461689316656,
      "duration": 0.2412403605553082,
      "sensor_concentration": 0.12884499782673378,
      "num_sensors_flagged": 0.026331123151114296,
      "max_single_sensor": 0.09417590826707105,
      "mean_uncertainty": 0.18185248914097446,
      "uncertainty_change": 0.025850160986740423,
      "residual_autocorrelation": 0.018303621271049075
    }
  },