{
  "five_class": {
    "accuracy": 0.8979166666666667,
    "report": {
      "drift": {
        "precision": 0.9076923076923077,
        "recall": 0.9833333333333333,
        "f1-score": 0.944,
        "support": 240.0
      },
      "noise_anomaly": {
        "precision": 0.8301886792452831,
        "recall": 0.7333333333333333,
        "f1-score": 0.7787610619469026,
        "support": 60.0
      },
      "persistent_shift": {
        "precision": 0.864406779661017,
        "recall": 0.85,
        "f1-score": 0.8571428571428571,
        "support": 60.0
      },
      "point_anomaly": {
        "precision": 0.8703703703703703,
        "recall": 0.7833333333333333,
        "f1-score": 0.8245614035087719,
        "support": 60.0
      },
      "sensor_malfunction": {
        "precision": 0.9814814814814815,
        "recall": 0.8833333333333333,
        "f1-score": 0.9298245614035088,
        "support": 60.0
      },
      "accuracy": 0.8979166666666667,
      "macro avg": {
        "precision": 0.8908279236900919,
        "recall": 0.8466666666666665,
        "f1-score": 0.8668579768004081,
        "support": 480.0
      },
      "weighted avg": {
        "precision": 0.8971520676909229,
        "recall": 0.8979166666666667,
        "f1-score": 0.895786235500255,
        "support": 480.0
      }
    },
    "profiles": {
      "drift": {
        "D": 8.544781863689423,
        "U": 1.0327662562330564,
        "S": -0.046483954817878655
      },
      "noise_anomaly": {
        "D": 40.63194739818573,
        "U": 0.98772893846035,
        "S": -0.053310687015500687
      },
      "persistent_shift": {
        "D": 23.494601225852968,
        "U": 0.9952668269475301,
        "S": -0.04714658171789077
      },
      "point_anomaly": {
        "D": 19.79176764090856,
        "U": 0.9876736442248026,
        "S": -0.10296642245213869
      },
      "sensor_malfunction": {
        "D": 0.7375993758440018,
        "U": 0.9892195781071981,
        "S": 7.675506969698218
      }
    }
  },
  "nine_class": {
    "accuracy": 0.6375,
    "report": {
      "accelerating": {
        "precision": 0.29411764705882354,
        "recall": 0.25,
        "f1-score": 0.2702702702702703,
        "support": 60.0
      },
      "drop": {
        "precision": 0.84375,
        "recall": 0.9,
        "f1-score": 0.8709677419354839,
        "support": 30.0
      },
      "gradual_shift": {
        "precision": 0.275,
        "recall": 0.18333333333333332,
        "f1-score": 0.22,
        "support": 60.0
      },
      "multi_sensor": {
        "precision": 0.6027397260273972,
        "recall": 0.7333333333333333,
        "f1-score": 0.6616541353383458,
        "support": 60.0
      },
      "noise_burst": {
        "precision": 0.8679245283018868,
        "recall": 0.7666666666666667,
        "f1-score": 0.8141592920353983,
        "support": 60.0
      },
      "persistent_offset": {
        "precision": 0.7763157894736842,
        "recall": 0.9833333333333333,
        "f1-score": 0.8676470588235294,
        "support": 60.0
      },
      "sensor_freeze": {
        "precision": 0.9344262295081968,
        "recall": 0.95,
        "f1-score": 0.9421487603305785,
        "support": 60.0
      },
      "sigmoid_plateau": {
        "precision": 0.3484848484848485,
        "recall": 0.38333333333333336,
        "f1-score": 0.36507936507936506,
        "support": 60.0
      },
      "spike": {
        "precision": 0.8571428571428571,
        "recall": 0.8,
        "f1-score": 0.8275862068965517,
        "support": 30.0
      },
      "accuracy": 0.6375,
      "macro avg": {
        "precision": 0.6444335139997438,
        "recall": 0.661111111111111,
        "f1-score": 0.6488347589677248,
        "support": 480.0
      },
      "weighted avg": {
        "precision": 0.6186818996782831,
        "recall": 0.6375,
        "f1-score": 0.6237794820366882,
        "support": 480.0
      }
    },
    "profiles": {
      "accelerating": {
        "D": 6.442852811018626,
        "U": 1.0137865056594213,
        "S": -0.06145105200131196
      },
      "drop": {
        "D": 17.867610740661622,
        "U": 0.9876736442248026,
        "S": -0.12896065363932488
      },
      "gradual_shift": {
        "D": 6.970807735125224,
        "U": 1.0201039840777715,
        "S": 0.15773127520140667
      },
      "multi_sensor": {
        "D": 12.607622039318084,
        "U": 1.0760278224945068,
        "S": -0.11657942099009606
      },
      "noise_burst": {
        "D": 40.63194739818573,
        "U": 0.98772893846035,
        "S": -0.053310687015500687
      },
      "persistent_offset": {
        "D": 23.494601225852968,
        "U": 0.9952668269475301,
        "S": -0.04714658171789077
      },
      "sensor_freeze": {
        "D": 0.7375993758440018,
        "U": 0.9892195781071981,
        "S": 7.675506969698218
      },
      "sigmoid_plateau": {
        "D": 8.157844869295756,
        "U": 1.0211467127005258,
        "S": -0.16563662148151334
      },
      "spike": {
        "D": 21.7159245411555,
        "U": 0.9876736442248026,
        "S": -0.07697219126495251
      }
    }
  },
  "spike_vs_drop": {
    "accuracy_with_signed": 0.9666666666666667,
    "accuracy_without_signed": 0.5833333333333334
  },
  "ablation": {
    "16feat": 0.8979166666666667,
    "9feat": 0.875
  }
}