{
  "five_class": {
    "accuracy": 0.91875,
    "report": {
      "drift": {
        "precision": 0.943089430894309,
        "recall": 0.9666666666666667,
        "f1-score": 0.9547325102880658,
        "support": 240.0
      },
      "noise_anomaly": {
        "precision": 0.9,
        "recall": 0.75,
        "f1-score": 0.8181818181818182,
        "support": 60.0
      },
      "persistent_shift": {
        "precision": 0.8709677419354839,
        "recall": 0.9,
        "f1-score": 0.8852459016393442,
        "support": 60.0
      },
      "point_anomaly": {
        "precision": 0.8709677419354839,
        "recall": 0.9,
        "f1-score": 0.8852459016393442,
        "support": 60.0
      },
      "sensor_malfunction": {
        "precision": 0.9333333333333333,
        "recall": 0.9333333333333333,
        "f1-score": 0.9333333333333333,
        "support": 60.0
      },
      "accuracy": 0.91875,
      "macro avg": {
        "precision": 0.903671649619722,
        "recall": 0.89,
        "f1-score": 0.8953478930163812,
        "support": 480.0
      },
      "weighted avg": {
        "precision": 0.9184533175976921,
        "recall": 0.91875,
        "f1-score": 0.917617124493263,
        "support": 480.0
      }
    },
    "profiles": {
      "drift": {
        "D": 9.606179203093053,
        "U": 1.0218412953118483,
        "S": -0.027143813258284306
      },
      "noise_anomaly": {
        "D": 40.04337381521861,
        "U": 1.001250097155571,
        "S": -0.051385621313851174
      },
      "persistent_shift": {
        "D": 23.40022743542989,
        "U": 1.007432700196902,
        "S": -0.05338352089397418
      },
      "point_anomaly": {
        "D": 19.470896283785503,
        "U": 1.0017351150512694,
        "S": -0.10296642245213869
      },
      "sensor_malfunction": {
        "D": 0.4174504647652308,
        "U": 1.000127641359965,
        "S": 7.756893438488967
      }
    }
  },
  "nine_class": {
    "accuracy": 0.6291666666666667,
    "report": {
      "accelerating": {
        "precision": 0.23728813559322035,
        "recall": 0.23333333333333334,
        "f1-score": 0.23529411764705882,
        "support": 60.0
      },
      "drop": {
        "precision": 0.8666666666666667,
        "recall": 0.8666666666666667,
        "f1-score": 0.8666666666666667,
        "support": 30.0
      },
      "gradual_shift": {
        "precision": 0.3170731707317073,
        "recall": 0.21666666666666667,
        "f1-score": 0.25742574257425743,
        "support": 60.0
      },
      "multi_sensor": {
        "precision": 0.5833333333333334,
        "recall": 0.7,
        "f1-score": 0.6363636363636364,
        "support": 60.0
      },
      "noise_burst": {
        "precision": 0.7758620689655172,
        "recall": 0.75,
        "f1-score": 0.7627118644067796,
        "support": 60.0
      },
      "persistent_offset": {
        "precision": 0.7837837837837838,
        "recall": 0.9666666666666667,
        "f1-score": 0.8656716417910447,
        "support": 60.0
      },
      "sensor_freeze": {
        "precision": 0.875,
        "recall": 0.9333333333333333,
        "f1-score": 0.9032258064516129,
        "support": 60.0
      },
      "sigmoid_plateau": {
        "precision": 0.4166666666666667,
        "recall": 0.3333333333333333,
        "f1-score": 0.37037037037037035,
        "support": 60.0
      },
      "spike": {
        "precision": 0.8235294117647058,
        "recall": 0.9333333333333333,
        "f1-score": 0.875,
        "support": 30.0
      },
      "accuracy": 0.6291666666666667,
      "macro avg": {
        "precision": 0.6310225819450668,
        "recall": 0.6592592592592593,
        "f1-score": 0.6414144273634919,
        "support": 480.0
      },
      "weighted avg": {
        "precision": 0.6042631497862394,
        "recall": 0.6291666666666667,
        "f1-score": 0.6127370641172617,
        "support": 480.0
      }
    },
    "profiles": {
      "accelerating": {
        "D": 6.952597447236379,
        "U": 1.0105107108751932,
        "S": -0.09844914663665899
      },
      "drop": {
        "D": 17.60805476506551,
        "U": 1.0017351150512694,
        "S": -0.12896065363932488
      },
      "gradual_shift": {
        "D": 7.936669129133224,
        "U": 1.016028458873431,
        "S": 0.20780302807912096
      },
      "multi_sensor": {
        "D": 14.509579956531525,
        "U": 1.0438498258590698,
        "S": -0.09961860100049809
      },
      "noise_burst": {
        "D": 40.04337381521861,
        "U": 1.001250097155571,
        "S": -0.051385621313851174
      },
      "persistent_offset": {
        "D": 23.40022743542989,
        "U": 1.007432700196902,
        "S": -0.05338352089397418
      },
      "sensor_freeze": {
        "D": 0.4174504647652308,
        "U": 1.000127641359965,
        "S": 7.756893438488967
      },
      "sigmoid_plateau": {
        "D": 9.02587027947108,
        "U": 1.0169761856396993,
        "S": -0.11831053347510115
      },
      "spike": {
        "D": 21.333737802505492,
        "U": 1.0017351150512694,
        "S": -0.07697219126495251
      }
    }
  },
  "spike_vs_drop": {
    "accuracy_with_signed": 0.95,
    "accuracy_without_signed": 0.5666666666666667
  },
  "ablation": {
    "16feat": 0.91875,
    "9feat": 0.88125
  }
}